dt,steps,actual_time,numerical_y,analytical_y,abs_error
0.1,30,3,-45.57,-44.1,1.47
0.05,60,3,-44.835,-44.1,0.735
0.01,300,3,-44.247,-44.1,0.147
0.005,600,3,-44.1735,-44.1,0.0735
0.001,3000,3,-44.1147,-44.1,0.0147
0.0005,6000,3,-44.1073,-44.1,0.00735
0.0001,30000,3,-44.1015,-44.1,0.00147
